First name,Last Name,Email, Phone,City,Zip, Country,Status
Chioma,Abangwu-Iwenofu,chiomaabangwu@gmail.com,4104999792,Ohio,43035,USA,Fellow
Hani,Abdelrasoul,hani.arasoul@brightiom.com,1 669 204 5738,California,92606-8361,USA,Associate
Aamir,Abdullah,aamir.abdullah.112@gmail.com,+1 (346) 800-2889,Texas,77479,USA,Member
Laura,Abrahamson,laura.abrahamson@aecom.com,,California,90067,USA,Member
Frederick,Acomb,acomb@millercanfield.com,,Michigan,MI 48226,USA,Fellow
Kamel,Aitelaj,kaitelaj@milbank.com,2022637528,Washington DC,20006,USA,Member
Feras,Al-Taher,feras.altaher@gmail.com,+1 9294425365,New Jersey,NJ 7302,USA,Member
Ken,Alwyn,ken@kenalwyn.com,001 415 6024515,California,CA 94127,USA,Fellow
Alan,Anderson,aanderson@anderson-lawfirm.com,+ 1 612 756 7010,Minnesota,MN 55305,USA,Fellow
Hiro,Aragaki,hiro.aragaki@lls.edu,001 2137361406,California,CA 90015,USA,Fellow
Gordon,Arnold,garnold@arnold-iplaw.com,713 972 1150,Texas,TX 77056,USA,Fellow
William,Arnot,bud@arnotlawfirm.com,1-713-223-8999,Texas,77002,USA,Fellow
John,Arrastia,jarrastia@gjb-law.com,001 1 305 804 1809,Florida,FL 33131,USA,Associate
Anne,Ashby,aashby@anneashbylaw.com,469-200-5753,Texas,75230,USA,Fellow
Jalil,Asif,jalil.asif@kobrekim.com,+1 345 749 4000,,KY1-9006,Cayman Islands,Member
Alden,Atkins,aatkins@velaw.com,,Washington DC,DC 20037,USA,Fellow
Charles Mark,Baker,mark.baker@nortonrosefulbright.com,(1) 713 651 5151,Texas,TX 77010-3095,USA,Fellow
Deborah,Ballati,dsballati@outlook.com,(1) 415-954-4426,California,94127,USA,Fellow
Allan,Banks,allan.banks@me.com,+1 713 562 2517,Texas,TX 77450,USA,Fellow
Brett,Basdeo,brett.basdeo@walkersglobal.com,+1 345) 814 4616,,KY1-9001,Cayman Islands,Member
Albert,Bates,batesa@pepperlaw.com,+01 (412) 454 -5884,Pennsylvania,15219,USA,Fellow
Peter,Baugher,pbaugher@baugherlegal.com,,Illinois,60602,USA,Fellow
Dogan,Baydar,dblawcg@hotmail.com,760-7996007,California,92264,USA,Member
Ralph,Bello-Fadile,fadilebello@yahoo.com,001 979 793 4322,Texas,TX 77461,USA,Associate
Lucas,Bento,lucasvmbento@gmail.com,9173745008,New Jersey,8540,USA,Fellow
Gary,Benton,gary@garybentonarbitration.com,(1) 650-798-5100,California,CA 94301,USA,Fellow
Jeffrey,Benz,jeffreybenz@gmail.com,,,WC2A 3RJ,USA,Fellow
Marcela,Berdion-Straub,marcela.straub@total.com,001 713-220-4511,Texas,TX 77002,USA,Fellow
Trey,Bergman,trey@bergmanadrgroup.com,713-977-1717,Texas,77027,USA,Fellow
Maureen,Beyers,mbeyers@bfazlaw.com,1-602-603-1521,Arizona,AZ 85004-1195,USA,Fellow
Gary,Birnberg,gbirnberg@jamsadr.com,17865817184,Florida,33131,USA,Fellow
Henry,Blair,allen.blair@mitchellhamline.edu,651.695.7657,Minnesota,MN 55105,USA,Fellow
Stanley,Block,stanblock9@gmail.com,,Illinois,IL 60611,USA,Member
Jeremy,Bloomenthal,jmb@bloomenthal.net,,Massachusetts,2476,USA,Member
T,Bodden,truman.bodden@candw.ky,,,KY1 1205,Cayman Islands,Associate
Ava,Borrasso,ajb@ajborrassolaw.com,786-803-8911,Florida,33131,USA,Fellow
Martyn,Bould,bould@candw.ky,,,,Cayman Islands,Member
Geoffrey,Boulton,hkdurbanite@hotmail.com,(1) 281 5581042,Texas,TX 77077,USA,Associate
John,Bowman,jbowman@kslaw.com,001 713 751 3210,Texas,TX 77002,USA,Fellow
John,Boyce,jkbiii@boycelaw.net,,Texas,TX 78212,USA,Member
Felicia,Boyd,fboyd@btlaw.com,6123678729,Minnesota,55402,USA,Fellow
Stephen,Bradley,stephen.bradley@advoco.us.com,(1) 001 407 514 2628,Florida,FL 32814,USA,Member
Niasha,Brady,niasha.brady@gov.ky,3459258662,,KY1-1005,Cayman Islands,Associate
David,Brennan,dbrennan@sandiego.edu,,California,CA 92110-2492,USA,Fellow
Thomas,Brewer,tjbrewer@tjbrewer.com,206 780-5037,Washington,98104,USA,Fellow
Charles,Brower,cbrower@20essexst.com,202 872 0013,Washington DC,DC 20005 - 3992,USA,Fellow
Philip,Bruner,philipbruner@hotmail.com,,Minnesota,MN 55082,USA,Fellow
Paul,Bruno,PBruno@jamsadr.com,949-521-2661,Texas,TX 75225,USA,Fellow
John,"Buckley, Jr.",jbuckley@wc.com,+1 202-434-5051,Washington DC,20005,USA,Fellow
John E.,Bulman,jbulman@pierceatwood.com,401-490-3435,Rhode Island,2903,USA,Fellow
John,Burton,jburton@rodey.com,(1) 505-954-3906,New Mexico,NM 87504-1357,USA,Member
James,Butler III,jfbutler@smithcurrie.com,14045828025,Georgia,30303,USA,Fellow
Orlando Federico,Cabrera Colorado,Occ224@nyu.edu,525550910087,DISTRITO FEDERAL,5349,Mexico,Fellow
Christopher,Campbell,Chris.CampbellJD@Gmail.com,8032380949,South Carolina,29212,USA,Associate
Rene Deliux,Campos,renedeliux@deliux.com.mx,52 55 46245999,DISTRITO FEDERAL,6600,Mexico,Fellow
Maria  Cristina,Cardenas,ccardenas@reedsmith.com,(786) 747-0200,Florida,33131,USA,Fellow
Derrick,Carson,dcarson@lockelord.com,(1) 7132261197,Texas,TX 77002,USA,Fellow
Eric C.,Carter,eric@ericcarter.com,,Kansas,66223,USA,Fellow
Eric J,Cassidy,ecassidy@gcfirm.com,(832) 331-6778,Texas,77002,USA,Fellow
Alicia,Castro,acastro@lockelord.com,(1) 1 713 226 1266,Texas,TX 77005,USA,Member
Robert,Cedeno,rac@raclawoffice.com,9543748684,Florida,33025,USA,Fellow
John,Chalk,jchalk@whitakerchalk.com,817 878 0575,Texas,TX 76102-4186,USA,Fellow
Richard,Chernick,richardchernick@msn.com,(1) 213 2539790,California,CA 90013,USA,Fellow
Joe,Chiazza,jchiazza1@gmail.com,,,,Cayman Islands,Member
Ignatius,Chibututu,citilaw@gmail.com,19176866876,New York,NY 10027,USA,Member
Martina,Chun,yhmartinachun@gmail.com,,California,90006,USA,Member
Jerry,Cohen,jcohen@burnslev.com,001 617 345 3000,Massachusetts,2140,USA,Fellow
Paul,Cohen,pcohen@4-5.co.uk,001 917 647 6450,California,94920,USA,Member
Charles,Compton,ctchris1@mac.com,650-714-8556,California,94028,USA,Fellow
John,Comrie QC,jc@johncomrie.com,,Texas,TX 78726,USA,Fellow
Jason,Copson,jd.copson@gmail.com,,Florida,FL 32724,USA,Associate
Elsa,Cortés Chávez,elsa7cortes@gmail.com,523313000000,,45050,Mexico,Member
Alan,Cottington,alancottington@yahoo.co.uk,,Alabama,35801-3111,USA,Member
Andrew,Coulton,accoulton@aol.com,001407 580 9889,Florida,FL 33812,USA,Associate
Thomas,Crist,tcrist@beneschlaw.com,01 216 870 2581,ohio,44114,USA,Member
Philip,Croessmann,pcroessmann@gmail.com,,Virginia,20186,USA,Member
Jason,Crook,crook.jason@gmail.com,,Tennessee,TN 37174,USA,Member
Jeffery,Cross,jcross@freeborn.com,3123606430,Illinois,IL60606,USA,Fellow
Tom,Cunningham,tac@tomalancunningham.com,,Texas,TX 77002,USA,Fellow
Mark,Cymrot,mcymrot@bakerlaw.com,,Washington DC,DC 20036,USA,Fellow
Linda,Da Costa,ldacosta@hsmoffice.com,+1 345 815 7404,,KY1 1502,Cayman Islands,Fellow
Adebanji,Dada,adada@dignitylawfirm.com,,Texas,77346,USA,Member
Michael,Dailey,mdailey@andersondailey.com,(1) 1 404 442 1818,Georgia,30319,USA,Fellow
Caroline,Dale,ctynedale@gmail.com,2058352993,Kansas,80224,USA,Associate
Norman T,Daniels,normdaniels@danielslawfirm.com,011 304 342 6666,West Virginia,WV 25325,USA,Member
Jeffrey,Dasteel,jeffrey.dasteel@gmail.com,,California,CA 90024,USA,Fellow
Platt,Davis,plattdavis@comcast.net,,Texas,TX 77063,USA,Fellow
Lee,Davis,leedavis@eversheds-sutherland.us,+1 404) 853-8139,Georgia,GA 30309-3996,USA,Fellow
Peter,Day,peterrday@comcast.net,(1) 206 372-7186,Washington,WA 98040-3323,USA,Fellow
Don,De Amicis,dsdeamicis@gmail.com,17817241396,Arizona,85718,USA,Member
Paul,Delson,paul.delson@yahoo.com,1 646 463 1969,New Jersey,7960,USA,Member
Joseph,DeMello,afrikona2000@gmail.com,16198901875,California,91711,USA,Associate
Christian,Dennie,cdennie@bgsfirm.com,,Texas,76107,USA,Fellow
Greg,Derin,gdderin@derin.com,(1) 310 552 1062,California,CA 90067,USA,Fellow
Niharika,Dhall,niharika_dhall@yahoo.com,,California ,226007,India,Fellow
Michael,Diamant,mdiamant@taftlaw.com,+1 216 706-3949,Ohio,44114,USA,Fellow
Hernando,Diaz-Candia,hernando.diaz@wdalegal.com,305-988-8002,Florida,33131,USA,Fellow
Charles,Dick,CHD@CharlesDickLaw.com,,California,CA 92037,USA,Fellow
Nicholas,Dickerson,ndickerson@lockelord.com,713-226-1200,Texas,77002,USA,Member
Patrick,Dougherty,patrick@paradiseapproved.org,13052045123,Florida,34685,USA,Associate
Mark,Dunaevsky,mark.dunaevsky@foreign-service-law.com,(1) 847 869 8319,Illinois,IL 60201,USA,Fellow
Timothy,Dunn,timcdunn@gmail.com,6155856566,Tennessee,37201,USA,Associate
Deryl,Earsom,earsom@msn.com,+1 314 537 2844,Colorado,80130,USA,Member
Richard,Eastman,richard.eastman@eastmanlaw-tokyo.com,,California,CA 94105,USA,Fellow
Frank,Emmert,femmert@iupui.edu,001 317 292 9738,Indiana,46220,USA,Fellow
Philip,Engle,englelaw@comcast.net,,Georgia,GA 30075,USA,Fellow
Edi,Faal,Edifaalesq@gmail.com,001 213 534 0344,California,CA 90017,USA,Fellow
Wayne,Fagan,wifagan@wifagan.com,,Texas,TX 78230,USA,Fellow
Richard,Faulkner,rfaulkner@faulkneradrlaw.com,(1) 214 373 7788,Texas,TX 75081,USA,Fellow
Irat,Feiskhanov,iratrf@gmail.com,,North Carolina,27539,USA,Member
James,Ferguson,jferguson@mayerbrown.com,312-701-7282,Illinois,60606,USA,Fellow
Brett,Ferry,ferry.brett@yahoo.com,(812)447-9935,Indiana,47203,USA,Associate
Dante,Figueroa,dantefigueroa@latinlexonline.com,(202) 744-9254,Maryland,20815,USA,Fellow
Robert,Fisk,cfisk@andrewsmyers.com,512-900-3012,Texas,78701,USA,Fellow
Jonathan,Fitch,jwf@fitchlp.com,,Massachusetts,MA02108,USA,Fellow
Jennifer,Fletcher,jenny.fletcher@sutherland.com,001 4048538145,Georgia,30309,USA,Fellow
Laura,Florence,rflorence@anderson-lawfirm.com,001 612 756 7016,Utah,UT 84065,USA,Member
Cecilia,Flores Rueda,cecilia@floresrueda.com,,,6010,Mexico,Member
Anthony Terence,Flynn,aflynn@bellsouth.net,,Florida,FL 33325,USA,Associate
Cassandra,Francis,cassandrajfrancis@gmail.com,+1 312.259.4011,,,USA,Fellow
Susan,Franck,sfranck@wcl.american.edu,540 458 8133,Delaware,19707,USA,Member
Frederick,Fucci,fred.fucci@gmail.com,12127046134,New York,10022,USA,Fellow
Henry,Gabriel,hgabriel@elon.edu,,North Carolina,NC 27401,USA,Fellow
James,Gaitis,gaitis1@aol.com,(1) 406.224.4228,Montana,MT 59928,USA,Fellow
Sean,Galliher,searyakay@aol.com,716-570-8865,California,90254,USA,Fellow
Patricia,Galloway,p.galloway@gallowayarbitration.com,,Washington,WA 98922,USA,Fellow
Levi,Gardner,levig3@hotmail.com,,Michigan,48214,USA,Associate
John,Garman,jwg@garmanlaw.com,,California,CA 90266,USA,Fellow
Carlos Leal-Isla,Garza,cli@lih.mx,5281 4739 5370,,66269,Mexico,Fellow
Mitchell,Gates,mitchell.gates@mitchellhamline.edu,001-801-698-5260,Utah,84040,USA,Associate
Donald  Glenn,Gavin,donald.gavin@gavin-adr.com,,Virginia,22102,USA,Member
Mark,Gibson,mchrisgib@aol.com,00937 434 6256,California,CA 92603,USA,Associate
Andrew,Gibson,andrew.gibson@walkersglobal.com,1 345 8144573,,KY1 9001,Cayman Islands,Member
Anna,Gilbert,agilbert@applebyglobal.com,13458142740,,KY1-1104,Cayman Islands,Member
James,Gilbride,jamesf@jamesfgilbride.com,,Florida,FL 33134,USA,Fellow
Carl,Ginsberg,carlhginsberg@hotmail.com,+1 214-228-7535,Texas,75209,USA,Fellow
Ronnie,Gipson,rgipson@laverne.edu,,California,CA 91708,USA,Member
Ruth,Glick,rvg@ruthvglick.com,,California,CA 94010,USA,Fellow
Jill,Goldenziel,jgoldenziel@gmail.com,6464838769,Virginia,22204,USA,Associate
Michael,Golding,Michael.Golding@fticonsulting.com,,Massachusetts,30309,USA,Member
Mauricio,Gomm Santos,mauricio.gomm@gstllp.com,13058567723,Florida,33131,USA,Fellow
Travis,Gonyou,tgonyou@gmail.com,,Michigan,48102,USA,Associate
Peter,Gorer,gowoo@mac.com,,Massachusetts,MA 02144,USA,Retired Member
George,Graff,glgraff@graffadr.com,+1914)502-2552,New York,10510,USA,Fellow
Joan,Grafstein,joan.grafstein1@gmail.com,(1) 1 770 570 8758,Georgia,GA 30542,USA,Fellow
Perry,Granof,pgranof@granofinternational.com,,Illinois,IL 60022,USA,Fellow
Richard,Gray,richgray1@gmail.com,,California,95125,USA,Member
Richard,Gray,richard.gray@grayarbitration.com,917-579-3108,New Jersey,7078,USA,Fellow
Roger,Greenberg,roger@smglawgroup.com,(1) 1 7138925400,Texas,77027,USA,Member
Richard,Greenleaf,rick@greenleafadr.com,01 303 818 2286,Colorado,CO 80503,USA,Fellow
Shelby,Grubbs,shelby.grubbs@millermartin.com,(1) 404 962 6462,Georgia,GA 30309,USA,Fellow
James,"Guyer, P.E., LL.M.",jamestmguyer@yahoo.com,,Florida,FL 33736,USA,Fellow
David,Hagen,dwhadr@aol.com,,Nevada,IL 89509,USA,Fellow
Thomas,Hanrahan,tom@tphanrahan.com,3108714521,California,CA 90267-1326,USA,Fellow
Nigel,Harley,njytharley@aol.co.uk,27 829643221,New Jersey,7016,USA,Member
Sally,Harpole,sallyharpole@sallyharpole.com,(415) 318 6523,California,CA 94127,USA,Fellow
David,Harrell,dharrell@lockelord.com,,Texas,TX 77002-3095,USA,Fellow
Lizbeth,Hasse,lhasse@cilawyers.com,001 415350 4345,California,CA 94104,USA,Fellow
Felipe,Hasson,Felipehasson@yahoo.com,4076833095,Florida,33130,USA,Fellow
Donald,Hayden,Don@markmigdal.com,3057995198,Florida,FL 33130,USA,Fellow
Alex,Henderson,alex.henderson@dinnermartin.com,345-745-5003,Not Required,KY1-1002,Cayman Islands,Member
Glenn,Hendrix,glenn.hendrix@agg.com,4048738692,Georgia,30363-1031,USA,Fellow
Wayne,Herrington,wayne.herrington@usitc.gov,202 205 3090,Virginia,VA 22308,USA,Member
John,Hinchey,johnwhinchey@gmail.com,,South Carolina,SC 29915,USA,Fellow
Yuki,Hirai,ymhirai@gmail.com,12182322630,Minnesota,56401,USA,Associate
Merril,Hirsh,merril@merrilhirsh.com,1 202 448 9020,Washington,,USA,Fellow
Kenneth,Ho,ken.ho@comcast.net,510 797 5787,California,CA 94555,USA,Associate
Michael  Patrick,Holland,mholland@ellistonus.com,,Pennsylvania,PA 18077-0278,USA,Member
Jerry,Hoover,JerryHoover@ADRtexas.com,1 713 622 0650,Texas,TX 77056,USA,Member
Damien,Horigan,damienhorigan@hotmail.com,18083862979,,,USA,Member
Kirsten,Houghton,khoughton@campbellslegal.com,,,KY1-1103,Cayman Islands,Fellow
Christopher,Howe,shane.howe@curriebrown.com,,Oregon,97209,USA,Associate
David,Huebner,davidhuebner1@hotmail.com,+1-213-620-1133,California,92263-1665,USA,Fellow
David,Hunter,dhunter@orionadr.com,234 1 895 2194,Washington,WA 98110,USA,Fellow
Paul,Hutchinson,prhutchinson72@yahoo.co.uk,8329039787,Texas,77494,USA,Member
Deborah,Hylton,deborah.hylton@hyltonADR.com,+1 (919) 946-6670,North Carolina,27701,USA,Fellow
Sulaiman,Ibrahim,soaibrahim@yahoo.co.uk,,Georgia,30350,USA,Associate
David W,Ichel,dichel@x-dispute.com,917-837-5529,Florida,33133,USA,Fellow
Felipe,Isore Gutierrez,fgutierrez@jsheld.com,7865700186,Florida,33129,USA,Member
Judith,Ittig,jbi@ittig-ittig.com,202-387-5508,Washington DC,20001-3344,USA,Fellow
Sallu,Jabati,drjabati95@gmail.com,678 559 4526,Georgia,30024,USA,Member
Darron,Jacobs,darron@quantumservicesint.com,,Texas,77042,USA,Fellow
Michael  Evan,Jaffe,michael.jaffe@pillsburylaw.com,202 663 8068,Washington DC,20036-3006,USA,Member
Melinda,Jayson,melinda@melindajayson.com,1.214.534.3961,Texas,TX 75225,USA,Fellow
Joseph,Jeong,josephjeong.esq@gmail.com,1 213 327 8997,California,91011-3643,USA,Fellow
Sandra,Jeskie,jeskie@duanemorris.com,215-979-1395,Pennsylvania,19034,USA,Fellow
Jeffery,Jessamine,jeff@federationcorp.com,323-573-1671,Los Angeles County,90622,USA,Member
Carroll,Jester,sjester@ccorpusa.com,770-634-9732,Georgia,30328,USA,Member
Anthony,John,aj40580@yahoo.com,,New York,10454,USA,Associate
Joan,Johnsen,jsjohnsen@jsj-adr.com,16175490742,Florida,32608,USA,Fellow
Glower,Jones,GWJATL@aol.com,404-873-1945,Georgia,GA 30309,USA,Fellow
Patrick,Jones,pjones@fh2.com,,Georgia,GA 30327,USA,Associate
Joseph,Jordan,gable_jordan@yahoo.com,1 901 335 7935,Texas,75036,USA,Fellow
John T,Jozwick,john.jozwick@us.rlb.com,1 602 443 4848,Arizona,AZ 85018,USA,Member
Salua,Kamerow,skamerow@inmarchitable.com,,Pennsylvania,16801,USA,Member
Mark,Kantor,mkantor@mark-kantor.com,001 202 544 4953,Washington DC,20003,USA,Fellow
David,Kerr,kerrx3@mac.com,,Virginia,VA 22205,USA,Member
M. Imad,Khan,imad.khan@hoganlovells.com,,Texas,77006,USA,Associate
Paul,Killian,pkillian@killianlegal.com,202-625-4346,Washington DC,20007,USA,Fellow
Grant,Kim,Grant.Kim@LimNexus.com,,California,94105,USA,Fellow
Paul Barry,Klaas,paulklaas@paulklaas.com,+1 612 226 3311,Minnesota,55416-3408,USA,Fellow
Linda,Klibanow,lklibanow@lindaklibanow.com,6262044000,California,91101,USA,Fellow
Emily,Komlossy,ekomlossy@gmail.com,(1) 954-647-4007,Florida,FL 33021,USA,Member
Charles,Kotuby,ctkotubyjr@jonesday.com,202-879-5409,Washington DC,20001,USA,Fellow
Aleksandra,Kowal,aleks.eklund@gmail.com,,London,SW6 7DT,USA,Member
Kathryn,Krause,krause.adr@gmail.com,001 720 839 0253,Colorado,80222,USA,Fellow
Kurt,Krolikowski,kkrolikowski@lockelord.com,001 7132261595,Texas,77002,USA,Member
Allen J.,Krouse,akrouse@frilot.com,001 504 599 8016,Louisiana,LA 70163,USA,Fellow
Serge,Kubwimana,sgakwandi@yahoo.fr,6463311898,New Jersey,NJ 07024,USA,Associate
Thomas,Kurth,Thomas.kurth@texasarblaw.com,214-215-0481,Texas,75093,USA,Fellow
Tak-Hong,Kwan,thomasthkwan@hotmail.com,,North Carolina,GA30215,USA,Associate
Philip,Lacovara,placovara@gmail.com,19174129766,Florida,33957,USA,Fellow
Louise,LaMothe,Lalamothe@dispute-solutions.com,(1) 805 563 2800,California,CA 93110,USA,Fellow
Christopher  John,Lampard,c.lampard@gardinerusa.com,1 212 661 6624,Connecticut,CT 06897,USA,Associate
Lee,Larkin,llarkin@doblaw.com,713-659-2900,Texas,77007,USA,Fellow
Mitchell,Lathrop,mllathrop@earthlink.net,(1) 619.955.5951,California,CA 92101-3357,USA,Fellow
Laurie,Law,noemail@21452,253 512 2212,Washington,WA 98498,USA,Fellow
James,Lawrence,jelawren@Central.UH.EDU,,Texas,TX 77006,USA,Fellow
Simon,Lawrence,slawrence@globalarbitrationgroup.com,,Virginia,23113,USA,Associate
Clyde,Lea,cwlea@cwlea.org,+1 832 390 4967,Texas,TX 77019,USA,Fellow
Christopher,Lee,clee@kandrlaw.com,215-870-0555,Pennsylvania,PA 19102,USA,Fellow
William  H,Lemons,whlemons@satexlaw.com,(903) 630-5039,Texas,TX 75702,USA,Fellow
Michael,Lennon,mlennon@mayerbrown.com,,Texas,TX 77002,USA,Fellow
Adrian,Leonard,aleonard@shermanhoward.com,3032998226,Colorado,80202,USA,Associate
Richard,Levin,richard@richardlevinarbitration.com,2146754502,Texas,75201,USA,Fellow
Erika,Levin,Erika.Levin@LBKMLAW.com,+1-973-727-5574,New York,NY 10174,USA,Fellow
William H.,"Levit, Jr.",wlevit@levitadr.com,414-223-5791,Wisconsin,WI WI 53202,USA,Fellow
Robert,Lewis,boblewispa@hotmail.com,1-412-235-4062,Pennsylvania,PA 15317,USA,Associate
Charles,Lewis,cblewis@duanemorris.com,312) 499-6740,Illinois,60603,USA,Fellow
Lydia,Liberio,lydialiberioesq@verizon.net,,California,92647,USA,Member
David,Lichter,dlichter@lichterlawfirm.com,3053567555,Florida,33181,USA,Member
Frank,Lightmas,franklightmas@mindspring.com,(1) 1 404 876 3335,Georgia,30309,USA,Associate
Richard,Lionberger,rlionberger@rll-adr.com,(1) 713 224 7100,,EC4Y 1AU,USA,Associate
David T.,Lopez,dtlopez@lopezlawfirm.com,(1) 713 523 3900,Texas,TX 77006-4959,USA,Fellow
Richard,Lowe,rhlowe@duanemorris.com,215 979-1137,Pennsylvania,19103,USA,Fellow
Edward,Lozowicki,ed@lozowickiadr.com,(650) 285-3271,California,95032,USA,Fellow
Carol,Ludington,Cludington@ludingtonltd.com,1 612-581-2880,Minnesota,55090,USA,Associate
Iain,MacBean,imacbean@me.com,,Florida,33131,USA,Associate
Duncan,MacKenzie-Williams,duncan.mackenzie1963@hotmail.com,281 558 8701,Texas,TX 77581,USA,Member
Guillermo Daffir,Madrigal,GuillermoDaffir@outlook.com,,,3100,Mexico,Student
Vinod,Mahboobani,vinod.mahboobani@yum.com,,Texas,TX 75024,USA,Member
Benjamin,Malek,benjaminmalek@law.miami.edu,,Florida,33131,USA,Associate
David,Mandel,dsm@mandel.law,3053747771,Florida,33131,USA,Fellow
Jonathan,Marks,jmarks@marksadr.com,2024139812,Maryland,MD 20814,USA,Fellow
Scott,Marrs,SCOTT.MARRS@AKERMAN.COM,,Texas,TX 77056,USA,Fellow
Vidal,Martinez,vidal@martinez.net,713-300-3850,Texas,77002,USA,Fellow
Michael,Massengale,mcm@massengalepllc.com,+1 713 206 3246,Texas,77019,USA,Fellow
Deborah,Mastin,deborahmastin@gmail.com,1.305.505.7448,Florida,33137,USA,Fellow
Joseph,Matthews,joseph@colson.com,+1 305.761.2323,Florida,FL 33114,USA,Fellow
Barbara,Maucher,bmaucher@bakerlaw.com,2405810235,Maryland,MD 21704,USA,Fellow
Alison,Maxwell,alison.maxwell@ofreg.ky,,,KY1-1104,Cayman Islands,Member
Luis Felipe,Mayorquin Velez,lfmayorquin@mrc.com.mx,52 1 33 3642 6889,,Jalisco,Mexico,Fellow
John,McArthur,umacs1@aol.com,(1) 5108455605,California,CA 94710,USA,Fellow
Carlos,McCadden,carlos.mccadden@gmail.com,0052 55 52111050,,6170,Mexico,Associate
John,McCauley,info@mccauleylaw.com,,Missouri,64155,USA,Fellow
Robert,McCue,mccue@mdcsystems.com,610 640 9600,Pennsylvania,PA 19301,USA,Member
Stephen,McCullough,stephenmccullough19@gmail.com,13474637922,Washington ,98802-4345,USA,Associate
Francis,McDonough,fmcdonough@mbpce.com,703-641-9088,Virginia,VA 22030,USA,Associate
Michael,McDowell,mmcdowell@arbitrationsandmediations.com,,Pennsylvania,PA,USA,Fellow
Gary,McGowan,gary@mcgowan-adr.com,(1) 001 713 552 1855,Texas,TX 77004,USA,Fellow
Sherry Ann,McGregor,LAWSOFEVE@ICLOUD.COM,305-878-4128,Florida,33187,USA,Member
David,McLauchlan,david@mclauchlanlawgroup.com,312-445-8544,Illinois,IL60611,USA,Member
Joseph,McManus,jmcmanus@carltonfields.com,202-965-8114,Washington DC,20036,USA,Fellow
Ian,McPherson,ian0554@yahoo.com,,Texas,TX 77019,USA,Associate
William,McPhilamy,patrick.mcphilamy@gmail.com,626-345-8535,California,91101,USA,Member
Edidiong,Mendie,edidiongmendie@gmail.com,18322121802,Texas,77063,USA,Member
Michelle,Meriam,michellemeriam@warejackson.com,001 713 335-4834 - Direct,Texas,TX 77019,USA,Member
Judith,Meyer,judith@judithmeyer.com,,Pennsylvania,PA 19041-1618,USA,Fellow
Charles,Meyer,charles@i2ilaw.com,12812961680,Texas,77380,USA,Member
Bruce,Meyerson,bruce@brucemeyerson.com,1 6022799646,Arizona,AZ 85012,USA,Member
James,Miller,judgejimmy@mindspring.com,(1) 1 303 660 5641,Colorado,CO 80109,USA,Fellow
Howard,Miller,hmiller@girardikeese.com,(1) 1 213-977-0211,California,CA CA 90017,USA,Fellow
Casey,Miller,csymllr@hotmail.com,+1 425 445 2256,Washington,98074,USA,Member
Roy,Mitchell,roysmitchell@aol.com,571-435-7191,Virginia,22046-3355,USA,Fellow
Michael S,Moehlman,Michael.Moehlman@clarkhillstrasburger.com,713.951.5684,Texas,77056,USA,Fellow
Terry,Moritz,terry@moritzlaw.com,(1) 312 516 5707,Illinois,IL 60603-5792,USA,Fellow
Robert,Morrill,morrilladr@gmail.com,415) 823-8214,California,94133,USA,Fellow
Edward,Mullins,EMullins@reedsmith.com,+1 786 747 0200,Florida,33131,USA,Fellow
Edward,Murphy,edward.murphy@akerman.com,713 871 6777,Texas,TX 77056,USA,Fellow
Susan,Nash,susanknash@gmail.com,,Washington DC,20037,USA,Member
James,Nelson,jmsdgrnlsn@aol.com,(1) 303 454 0544,Colorado,CO 80209-0838,USA,Fellow
Andrew,Ness,andrew.ness201@gmail.com,202 942 9180,Washington DC,22207,USA,Member
Paul,Neufeld,paul.neufeld@lockelord.com,971 50 653 9212,Texas,TX 77002,USA,Fellow
Valerie,Ni hEideain,vnih@protonmail.com,9073051000,Alaska,99929,USA,Student
Charles,Nicholas,,,Texas,TX 75013,USA,Member
Michael,Nolan,Mnolan@milbank.com,,Maryland,20815,USA,Fellow
Roberto,Noriega Loya,rnoriega@noynlegal.com,526699824662,SINALOA,82000,Mexico,Member
Colin,Nottage,colin_nottage@hotmail.com,001 805 969 3008,California,CA 93108,USA,Retired Member
Suzanne,Nusbaum,snusbaum@impartia.com,941-383-1667,Florida,FL 34228-4260,USA,Fellow
Basil,Odigie,odigiebasil@yahoo.co.uk,,Texas,TX 77099,USA,Fellow
Kevin,O'Gorman,kevin.ogorman@nortonrosefulbright.com,713 651 3771,Texas,TX 77010-3095,USA,Member
Douglas,Oles,oles@oles.com,(1) 1 2063251833,Washington,WA 98101,USA,Fellow
Philip,O'Neill,poneillarb@gmail.com,,Massachusetts,1773,USA,Fellow
Ikemefune,Onyiliogwu,iikem@yahoo.com,678-230-9405,Georgia,30052,USA,Member
Alejandro,Osuna,alexosuna@hotmail.com,52664 6080503,BAJA CALIFORNIA,22024,Mexico,Fellow
Harold,Ovsiowitz,ovsiowitz@hotmail.com,,Colorado,CO 80247,USA,Retired Fellow
Kathleen,Paisley,kathleen.paisley@amboslaw.be,130549036006,Florida,,Belgium,Fellow
Eduardo,Palmer,ep@epalmerlaw.com,305 476 1100,Florida,FL 33134,USA,Fellow
Merriann,Panarella,mmpanarella@yahoo.com,1 508 653 2455,Massachusetts,1760,USA,Fellow
William,Park,wwpark@bu.edu,1 617 353 3149,Massachusetts,MA 02215,USA,Fellow
Henry,Parr,hparr@wyche.com,,South Carolina,29601,USA,Fellow
Antonio,Parra,arparrapayson@gmail.com,1 410 820 6427,Maryland,MD 21601,USA,Fellow
Donald,Parsons,dparsons@mnat.com,,Delaware,19899-1347,USA,Fellow
Tina,Patterson,patterson_te@hotmail.com,001 817 4567573,Maryland,MD 20875-2883,USA,Member
Jeffrey,Pendergraft,Jeff@WindRoseGrp.com,7135940322,Texas,77386,USA,Fellow
Roger,Peters,rjpeters.neutral@gmail.com,1 808 343 5147,Florida,FL 33756,USA,Fellow
Denise,Peterson,denise.ereka@gmail.com,18327408191,Texas,77065,USA,Fellow
Aaron,Petty,arpetty@gmail.com,+1 847 331 4798,Illinois,IL 60302,USA,Member
Sunu,Pillai,sunu.pillai@saul.com,412-209-2516,Pennsylvania,15222,USA,Fellow
John,Pinney,jpinney@graydon.com,-3871,Ohio,45202,USA,Fellow
Lisa A,Powell,lisa.powell@fisherbroyles.com,011 713 955-3302,Texas,TX 77098,USA,Fellow
Andrew,Pratt,andrew.pratt@fticonsulting.com,,Georgia,GA 30126,USA,Associate
Andrew,Price,andrew.price@nortonrosefulbright.com,001 713 651 5210,Texas,TX 77027,USA,Fellow
Lewis,Prutzman,prutzman@thsh.com,(212) 508-6739,New York,10022,USA,Fellow
Andrew,Pullinger,APullinger@campbellslegal.com,001 345 914 5865  - Direct Line,,KY1-1103,Cayman Islands,Member
Michael,Radford,mike@radfordlaw.com,(1) 858 459 7145,California,92037,USA,Fellow
Vikram,Rajpurohit,vikramraj9233@gmail.com,918884000000,California,90012,USA,Student
Rose,Rameau,rose@rameaulaw.com,33 0646676057,Maryland,20774,USA,Member
Randall,Rapp,randallrapp2@gmail.com,,Illinois,60033,USA,Fellow
Elizabeth,Ray,judge@judgeelizabethray.com,-7988,Texas,77270,USA,Fellow
Kendall,Reed,ken@kendallreed.com,001 310 844 7503,California,CA 93451,USA,Fellow
C. Ryan,Reetz,ryan.reetz@post.harvard.edu,786 322 7370,Florida,FL 33131,USA,Associate
Barbara,Reeves,barbara.reeves.neal@gmail.com,001-310-309-6205,California,CA 90265,USA,Fellow
Michael,Reilly,michael@mreillylaw.com,(1) 303-543-2201,Colorado,CO 80403,USA,Fellow
James,Reiman,jreiman@ReimanADR.com,+1 847-784-8100,Illinois,60201-4575,USA,Fellow
Brandon,Renken,brenken@lockelord.com,1 281 615 6516,Texas,77002,USA,Fellow
Lester,Rennard,lester@lesterrennard.com,(1) 1 678 698 1036,Georgia,GA 30021 - 0418,USA,Fellow
Sarah E,Reynolds,sreynolds@mayerbrown.com,7734748076,California,94306,USA,Member
William,Riggins,w.riggins@pegasus-global.com,785 764-4067,Kansas,66049-4739,USA,Fellow
John,Ringland,stuartringland@att.net,7 931 298 4502,Florida,,USA,Associate
Andrew,Rinker,andrew.rinker.jr@gmail.com,,Louisiana,70163,USA,Fellow
Mark,Ritchie,mark@markritchielawfirm.com,7134980675,Texas,TX 77230,USA,Fellow
Jose Antonio,Rivas,jarivascampo@gmail.com,+1(202)664-7065,Washington DC,20008,USA,Fellow
Marilee,Roberg,mroberg@ameritech.net,8479064310,Illinois,60091,USA,Fellow
Ann,Robertson,arobertson@lockelord.com,(1) 713 226 1356,Texas,TX 77024,USA,Fellow
Sergio,Rodriguez-Labastida,sergio.rodriguez-labastida@rolaba.com,(52) +52 (55) 7038 0050,DISTRITO FEDERAL,6100,Mexico,Member
Jose,Rodriguez-Marquez,jarodz@brm.com.mx,0052 55 5282 4608,,5120,Mexico,Fellow
Carlos,Romero Jr,car@postandromero.com,305-445-0014,Florida,FL 33134,USA,Fellow
John,Rooney,jrooney@jrooneylaw.com,001 305 804 4084,Florida,33131,USA,Fellow
Jerry,Roscoe,jroscoe@jamsadr.com,001 202 942 9180,Washington DC,20004,USA,Member
Peter,Rosen,prosen@jamsadr.com,310-273-5008,California,90067,USA,Fellow
Russell,Roten,rwroten@duanemorris.com,213 689 7400,California,90017,USA,Associate
Javier,Rubinstein,javier.rubinstein@kirkland.com,001-312-862-3220,Illinois,60654,USA,Fellow
Thomas,Ruge,TRuge@Lewis-kappes.com,1 317 9962085,Indiana,IN 46282,USA,Fellow
Ross,Russell,rrussell@therusselllawfirm.com,1-254-307-0019,Texas,76701,USA,Member
Lawrence A.,Saichek,laslaw18@aol.com,,Florida,33146,USA,Fellow
Gerald,Saltarelli,gsalts@comcast.net,847-945-8468,Illinois,60015,USA,Fellow
Harrie,Samaras,hsamaras@comcast.net,610.430.8389,Pennsylvania,PA 19380,USA,Fellow
Frederic,Samelian,fsamelian@cox.net,,Nevada,NV 89135,USA,Member
Elizabeth,Sandza,elizabeth.sandza@wilsonelser.com,202-626-9099,Washington DC,DC 20005,USA,Fellow
JESÚS,SARACHO AGUIRRE,jesus.saracho@uria.com,+1(1)(646)701-2317,New York,10010,USA,Member
Deborah,Saxe,dsaxe@jamsadr.com,213-620-1133,California,CA 90013,USA,Fellow
Larry,Saylor,Saylor@millercanfield.com,(1) 313 300 3574,Michigan,MI 48226,USA,Fellow
Lawrence,Schaner,lschaner@schanerlegal.com,+1 (312) 624-7715,Illinois,60601,USA,Fellow
Lester,Schiefelbein,les@schiefelbeingdr.com,+1 (408) 242-0890,California,95032,USA,Fellow
Henry,Schlueter,hfs@schlueterintl.com,+1-303-292-3883 USA or +852-9764-2842 Hong Kong,Colorado,80111,USA,Fellow
Ernst,Schnell,ernst.schnell@web.de,+1 281 871 2238,Texas,77069,USA,Member
Lionel,Schooler,lschooler@jw.com,001 713 752 4516,Texas,TX 77010,USA,Fellow
Eric,Schwartz,eschwartz@schwartzarbitration.com,+1 646 478 7045,New York,NY 10015,USA,Member
Bart,Schwartz,schwartzbr@aol.com,212) 859-7063,New York,10025,USA,Fellow
Charles,Seymore,seymore479@msn.com,281-804-7759,Texas,77498,USA,Associate
Mark,Shank,mark.shank@diamondmccarthy.com,214-855-6846,Texas,75231,USA,Fellow
Steven,Shapiro,stevenshapiro@resolutionmatters.com,301 760 3286,Maryland,MD 20814,USA,Fellow
Jaya,Sharma,fournconsultants@earthlink.net,+1 608 695 0530,Wisconsin,WI 53704,USA,Fellow
David,Sharp,dsharp@sharplawhouston.com,,Texas,77098,USA,Fellow
George,Shipley,gshipley@shipleysnell.com,(713) 652-5920,Texas,TX 77002-3201,USA,Fellow
Katherine,Simpson,simpson@simpsonadr.net,3017415399,Michigan,MI 48197,USA,Fellow
Frederic,Smalkin,fsmalkin@gmail.com,,Maryland,MD 21030-1138,USA,Member
Paul,Smith,paul.smith@conyersdill.com,,,KY1-1111,Cayman Islands,Fellow
Steven C.,Smith,professordad@msn.com,+1 (253) 649-5909,Washington,98335,USA,Retired Fellow
Stephen,Smith,stevesmithadr@gmail.com,303 299 8432,Colorado,CO 80206,USA,Fellow
Katherine,Smith Dedrick,ksdlaw@comcast.net,630-538-5782,Illinois,60521,USA,Fellow
Kc,Snodgrass,kcsnodgrass1@yahoo.com,4086693348,California,94115,USA,Associate
Christopher,Soffe,chris.soffe@gleedsusa.com,001 770 395 1500,Georgia,GA 30328,USA,Member
Jasmine,Sommer,jasmine2010@att.net,(1) 1 706 235 3201,Georgia,GA 30161,USA,Associate
Reena,Soni,sonirx@verizon.net,7033897740,Virginia,20148,USA,Fellow
Steven,Stein,sstein@steinraylaw.com,(1) 3126413700,Illinois,IL 60606,USA,Fellow
S.I.,Strong,strongsi@missouri.edu,,Missouri,MO 65211,USA,Fellow
Julia,Sullivan,juliasullivan@jeslaw.us,410 707 8608,Maryland,MD,USA,Fellow
Patricia,Sulser,patti@sulser.org,,Washington DC,20016,USA,Fellow
Deborah,Swedlow,bswedlow@honigman.com,,Michigan,,USA,Fellow
Patricia,Thompson,pthompson@jamsadr.com,3053715267,Florida,33146,USA,Fellow
Nelson,Timken,nelson.timken@verizon.net,917-533-8080,New York,11427,USA,Associate
Elizabeth,Tippin,etippinlaw@gmail.com,+01 415-835-1332,California,94111,USA,Fellow
William,Towns,bill.towns@townsadr.com,210-819-7453,Texas,78257,USA,Member
Diana,Tsutieva,dtsutieva@foleyhoag.com,1-917-434-6873,Washington DC,20017,USA,Associate
Mark,Tunstill,mtunstill@scomo.com,+1 561 660 7332,,WC2B 6AA,USA,Member
Jonathan,Turner,jonathan_turner@me.com,(44) 07540829574,Florida,FL 33596,USA,Associate
Timothy,Tyler,ttyler@velaw.com,(1) 713 758 2222,Texas,TX 77002,USA,Fellow
Richard,Tyler,rtyler@joneswalker.com,1 504 582 8266,Louisiana,LA 70170,USA,Fellow
John,Ukegbu,jukegbu@lsnj.org,,New Jersey,7086,USA,Member
Calvin,Umezurike,dmr.mediator@gmail.com,404-247-1670,Maryland,20724,USA,Member
Reynaldo,Urtiaga,rurtiaga@bryanlex.com,5215520000000,,11560,Mexico,Member
Philip,Urwin,philurwin@hka.com,,Pennsylvania,19027,USA,Member
Peter,Vaira,p.vaira@gpfflaw.com,001 215 735 1600,Pennsylvania,PA 19109,USA,Fellow
Thomas,Valenti,tpv@valentilaw.com,,Illinois,60654,USA,Associate
Eric,van Ginkel,eric@ericvanginkel.com,(310) 569-9505,Texas,78738,USA,Fellow
Marcio,Vasconcellos,m.vasconcellos@musickpeeler.com,+1-213-629-7600,California,90404,USA,Associate
Mira,Vats-Fournier,mira.vats.fournier@gmail.com,612-296-7059,Minnesota,55402,USA,Member
Wendy,Venoit,wvenoit@hinckleyallen.com,001 617 378 4392,Massachusetts,MA 02109-1775,USA,Member
Jerry,Vogt,Jerry.Vogt@PlanningForensics.com,,Texas,77020,USA,Associate
Odean,Volker,odean.volker@haynesboone.com,713-547-2036,Texas,77010,USA,Fellow
Shannon,Votava,shannon_votava@hotmail.com,5097146116,Washington,99224,USA,Member
William,Walker,wwalker@ggfirm.com,310-201-7482,California,90067,USA,Associate
Robert,Wallace,robert.wallace@wilsonelser.com,(1) 202 626 7667,Washington DC,DC 20001,USA,Fellow
Gretta,Walters,gretta.walters@chaffetzlindsey.com,2122576935,New York,,USA,Associate
James  Luther III,Warren,jwarren@cwplaw.com,001 601 592 1010,Mississippi,MS 39215-1005,USA,Member
John,Warren,jpwarren@windstream.net,1 281 491 1068,Texas,TX 77479,USA,Member
James,Weier,jamesdw8@aol.com,,Illinois,IL,USA,Member
Conna,Weiner,connaw@aol.com,6177805385,Massachusetts,2116,USA,Fellow
Dana,Welch,dana@welchadr.com,510-849-1200,California,94705,USA,Fellow
Graeme,Wheatley,thewheatleys76@gmail.com,,Florida,FL 34202-5915,USA,Retired Fellow
Robert,Wilkinson,robert.l.wilkinson@gmail.com,5209772208,New York,NY 11719,USA,Associate
Elizabeth Rainbow,Willard,Rainbow.Willard@chaffetzlindsey.com,+1 2122576952,New York,11201,USA,Associate
Karen,Willcutts,kwillcutts@jamsadr.com,(1) 214-744-5267,Texas,TX 75225,USA,Fellow
Harvey,Williams,harvey9785@gmail.com,(1) 276-245-5029,Pennsylvania,15108,USA,Member
David,Wilson,dwilson@shermanhoward.com,13032998382,Colorado,CO 80202,USA,Fellow
Herfried,Woss,hwoess@woessetpartners.com,0052 (55) 2623 7100,DISTRITO FEDERAL,11000,Mexico,Member
Jessica,Wright,jessica@jessicacwright.com,8058866582,California,90036,USA,Associate
Daniel,Yamshon,DYamshon@ADRServicesInternational.com,916-446-4817,California,95811,USA,Fellow
Inae,Yang,inaeya@gmail.com,(1) 1 5049203532,California,CA 95112,USA,Member
Sharif,Youssef,sharif.youssef@outlook.com,3197506740,Vermont,IA IA 52601,USA,Member
Stephen,Yusem,syusem@syusem.com,215-557-4447,Pennsylvania,PA 19422,USA,Fellow
Joseph,Zammit,jzammit@ZammitADR.com,1-631-547-1692,New York,11743,USA,Member
Rodrigo,Zamora,rzamora@galicia.com.mx,52 55 5540 9260,DISTRITO FEDERAL,11000,Mexico,Fellow
Ramsey,Zein,rzein@zeinconsulting.com,+1 617 320 0287,Georgia,30319,USA,Member
Alvin,Zimmerman,azimmerman@zimmerlaw.com,011-213 552-1234,Texas,77056-6584,USA,Fellow
William,Zucker,wzucker@mccarter.com,617-449-6516,Massachusetts,2110,USA,Fellow
